timestamp,cpu_percent,ram_percent,swap_percent,disk_percent
2026-09-03 14:06:20,3.6,58.0,1.6,13.1
2026-09-03 14:06:23,5.1,58.0,1.6,13.1
2026-09-03 14:06:26,6.4,57.9,1.6,13.1
2026-09-03 14:06:29,3.5,57.8,1.6,13.1
2026-09-03 14:06:32,4.3,57.9,1.6,13.1
2026-09-03 14:06:35,74.4,58.4,1.6,13.1
2026-09-03 14:06:38,87.8,59.1,1.6,13.1
2026-09-03 14:06:41,38.6,58.5,1.6,13.1
2026-09-03 14:06:44,59.5,59.8,1.6,13.1
2026-09-03 14:06:47,85.5,60.4,1.5,13.1
2026-09-03 14:06:50,93.6,61.2,1.5,13.1
2026-09-03 14:06:53,97.2,62.1,1.5,13.1
2026-09-03 14:06:56,99.7,62.4,1.5,13.1
2026-09-03 14:06:59,98.0,63.4,1.5,13.1
2026-09-03 14:07:02,99.7,63.3,1.5,13.1
2026-09-03 14:07:05,98.5,63.8,1.5,13.1
2026-09-03 14:07:08,54.9,64.0,1.5,13.1
2026-09-03 14:07:11,55.1,64.2,1.5,13.1
2026-09-03 14:07:14,86.3,64.8,1.5,13.1
2026-09-03 14:07:17,99.5,65.6,1.5,13.1
2026-09-03 14:07:20,99.0,66.2,1.5,13.1
2026-09-03 14:07:23,99.5,66.6,1.5,13.1
2026-09-03 14:07:26,55.4,65.8,1.5,13.1
2026-09-03 14:07:29,70.8,66.4,1.5,13.1
