world,generation,population,best_energy,best_speed,best_vision,average_energy,average_speed,average_vision
scarce,1,120,196.295,2.28,50.439,120.177,1.45,93.951
scarce,2,120,196.253,1.87,43.637,125.419,1.582,93.034
scarce,3,120,221.251,2.1,71.012,127.154,1.697,87.075
scarce,4,120,195.894,2.491,147.092,123.673,1.8,89.791
scarce,5,120,221.208,2.163,78.925,125.804,1.841,93.768
scarce,6,120,196.719,1.421,103.65,132.059,1.834,99.598
scarce,7,120,270.901,2.48,78.925,130.759,1.796,106.315
scarce,8,120,220.894,2.491,147.092,131.164,1.812,96.687
scarce,9,120,196.393,1.894,135.12,129.286,1.928,91.872
scarce,10,120,245.438,3.138,147.092,129.012,1.909,97.104
scarce,11,120,220.989,2.48,78.925,134.811,2.073,91.055
scarce,12,120,246.408,2.653,67.335,131.748,2.086,88.495
scarce,13,120,270.661,2.821,78.925,136.192,2.068,84.11
scarce,14,120,221.197,2.061,99.659,133.784,2.233,84.782
scarce,15,120,246.332,1.87,50.523,134.413,2.227,82.251
scarce,16,120,196.566,1.538,123.39,137.29,2.284,83.36
scarce,17,120,220.869,2.653,67.335,137.927,2.388,77.829
scarce,18,120,221.332,1.87,53.606,133.808,2.495,82.326
scarce,19,120,270.857,2.543,82.871,146.109,2.481,86.705
scarce,20,120,270.582,2.934,78.925,138.38,2.511,91.847
scarce,21,120,245.636,2.856,147.092,146.035,2.587,90.151
scarce,22,120,221.332,1.87,69.74,143.119,2.586,94.389
scarce,23,120,220.946,2.543,127.356,137.355,2.614,94.984
scarce,24,120,270.869,2.653,73.168,140.665,2.648,90.431
scarce,25,120,246.332,1.87,54.643,142.273,2.603,90.809
scarce,26,120,295.797,2.628,105.779,140.175,2.624,98.624
scarce,27,120,245.734,2.849,108.631,140.875,2.645,97.807
scarce,28,120,245.754,2.821,63.885,141.062,2.676,94.444
scarce,29,120,221.197,2.3,78.925,138.635,2.701,93.918
scarce,30,120,245.754,2.821,75.877,143.938,2.735,89.309
scarce,31,120,245.988,2.357,105.779,146.333,2.754,92.171
scarce,32,120,220.661,2.821,95.832,145.304,2.737,87.46
scarce,33,120,270.799,2.625,78.91,139.674,2.744,86.673
scarce,34,120,270.661,2.821,78.371,150.928,2.738,87.759
scarce,35,120,271.215,2.821,95.832,137.737,2.718,87.643
scarce,36,120,221.215,2.821,89.064,137.322,2.715,88.272
scarce,37,120,220.822,2.593,89.064,141.168,2.693,85.2
scarce,38,120,220.944,2.544,69.152,136.872,2.709,84.992
abundant,1,120,223.422,1.241,109.794,143.54,1.502,99.462
abundant,2,120,223.501,1.21,97.705,156.256,1.7,97.153
abundant,3,120,273.176,1.953,47.055,151.385,1.71,94.753
abundant,4,120,273.084,2.221,138.126,150.557,1.695,98.398
scarce,1,120,196.075,2.234,127.693,123.059,1.489,92.713
scarce,2,120,196.627,1.451,73.851,124.136,1.438,94.367
moving,1,120,221.801,1.745,99.184,124.42,1.556,97.246
moving,2,120,196.851,1.548,80.288,127.898,1.54,96.123
moving,3,120,221.752,1.588,85.719,127.379,1.584,96.702
moving,4,120,246.261,2.464,97.222,131.961,1.701,98.846
moving,5,120,196.261,2.464,97.222,131.669,1.831,94.165
moving,6,120,221.271,2.448,115.284,138.849,2.004,95.744
moving,7,120,221.264,2.458,83.671,138.529,2.177,98.637
moving,8,120,271.174,2.464,97.222,145.42,2.343,97.608
moving,9,120,271.264,2.458,83.671,142.725,2.455,97.468
moving,10,120,246.264,2.458,79.281,143.555,2.46,94.545
moving,11,120,246.436,2.192,96.478,146.063,2.447,92.626
moving,12,120,221.107,2.703,77.163,138.567,2.441,90.545
moving,13,120,246.085,2.737,119.138,147.524,2.443,88.988
moving,14,120,246.264,2.458,83.671,144.629,2.409,89.927
abundant,1,120,223.123,2.107,127.149,144.798,1.478,96.36
abundant,2,120,273.001,2.461,66.713,145.427,1.468,89.223
abundant,3,120,248.397,1.314,98.054,146.84,1.6,93.31
abundant,4,120,248.144,2.048,48.954,148.522,1.555,84.659
abundant,5,120,223.189,1.915,94.097,146.868,1.518,92.981
abundant,6,120,248.133,2.077,91.627,154.326,1.639,91.768
abundant,7,120,248.185,1.927,98.343,153.86,1.783,87.628
abundant,8,120,298.144,2.048,48.954,154.028,1.901,84.873
abundant,9,120,273.001,2.461,71.595,157.51,2.071,79.207
